<?xml version="1.0" encoding="utf-8"?>
<modification>
    <name>Cloudflare Turnstile CAPTCHA</name>
    <code>cloudflare_turnstile_captcha</code>
    <version>1.0.0</version>
    <author>MorphyKutay</author>
    <link>https://www.kutaysec.online/</link>
    <file path="admin/controller/common/header.php">
        <operation>
            <search><![CDATA[$data['title'] = $this->document->getTitle();]]></search>
            <add position="before"><![CDATA[
                // Cloudflare Turnstile CAPTCHA
                $this->document->addScript('https://challenges.cloudflare.com/turnstile/v0/api.js');
            ]]></add>
        </operation>
    </file>
    <file path="catalog/controller/common/header.php">
        <operation>
            <search><![CDATA[$data['title'] = $this->document->getTitle();]]></search>
            <add position="before"><![CDATA[
                // Cloudflare Turnstile CAPTCHA
                if ($this->config->get('captcha_cloudflare_status')) {
                    $this->document->addScript('https://challenges.cloudflare.com/turnstile/v0/api.js');
                }
            ]]></add>
        </operation>
    </file>
    <file path="admin/model/setting/setting.php">
        <operation>
            <search><![CDATA[public function editSetting($code, $data, $store_id = 0) {]]></search>
            <add position="after"><![CDATA[
                if ($code == 'captcha_cloudflare') {
                    $this->db->query("DELETE FROM " . DB_PREFIX . "setting WHERE store_id = '" . (int)$store_id . "' AND `code` = 'captcha_cloudflare'");
                    
                    foreach ($data as $key => $value) {
                        if (!is_array($value)) {
                            $this->db->query("INSERT INTO " . DB_PREFIX . "setting SET store_id = '" . (int)$store_id . "', `code` = 'captcha_cloudflare', `key` = '" . $this->db->escape($key) . "', `value` = '" . $this->db->escape($value) . "'");
                        }
                    }
                }
            ]]></add>
        </operation>
    </file>
    <file path="catalog/model/setting/setting.php">
        <operation>
            <search><![CDATA[public function getSetting($code, $store_id = 0) {]]></search>
            <add position="after"><![CDATA[
                if ($code == 'captcha_cloudflare') {
                    $setting_data = array();
                    
                    $query = $this->db->query("SELECT * FROM " . DB_PREFIX . "setting WHERE store_id = '" . (int)$store_id . "' AND `code` = 'captcha_cloudflare'");
                    
                    foreach ($query->rows as $result) {
                        if (!$result['serialized']) {
                            $setting_data[$result['key']] = $result['value'];
                        } else {
                            $setting_data[$result['key']] = json_decode($result['value'], true);
                        }
                    }
                    
                    return $setting_data;
                }
            ]]></add>
        </operation>
    </file>
</modification> 